{"accuracy": [0.75, 0.75], "loss": [0.6604299545288086, 0.6605136394500732], "val_accuracy": [0.0, 0.0], "val_loss": [1.143179178237915, 1.161717176437378]}